--0PQM4-hqg,30,1,train
--56QUhyDQM,185,2,train
--8puiAGLhs,30,4,train
--96EN9NUQM,242,5,train
--Bu2xe4OSo,430,8,train
--bvmgIdDC8,30,12,train
--byNAHo7tQ,0,32,train
--CC5pH97q4,33,9,train
--CC5pH97q4,4,9,train
--dMUrmpeqc,30,33,train
--DTR0_mIGI,11,10,train
--EquRwM9IQ,8,11,train
--f4Zx92FcY,30,14,train
--FenyW2i_4,0,12,train
--G-wKyj6JQ,30,13,train
--gJvz9RrfA,13,34,train
--IOqc-XgYo,0,16,train
--L3BCCcGEw,400,17,train
--Lj4Y_96f0,120,18,train
--PlJNEnf-s,288,18,train
--Q8wkZvDZE,150,20,train
--qEoNMshyY,37,38,train
--QVnZXkb_Y,74,21,train
--QVnZXkb_Y,98,21,train
--rs27ZwZ9M,189,39,train
--rs27ZwZ9M,22,39,train
--SQyOb8eS0,30,23,train
--SvivLlKLU,662,24,train
--TKJIv9aY4,282,26,train
--UE437qBIo,1,28,train
--UgnJTCTqg,0,10,train
--UgnJTCTqg,101,10,train
--UQXuZfbFY,44,29,train
--UQXuZfbFY,59,29,train
--veKG73Di4,39,40,train
--veKG73Di4,83,40,train
--vpnMyh30c,83,41,train
--xDffQ9Mwo,30,42,train
--XInAaMS6k,61,30,train
--XInAaMS6k,72,30,train
--xJurJrYQg,220,43,train
--yJcmmwiMc,30,44,train
--Z4X0SQxBc,290,17,train
--z8JpdDKr0,249,45,train
--zLzL0sq3M,30,42,train
--zOG2GRGY4,14,46,train
--zOG2GRGY4,4,46,train
-00nar1nEPc,33,47,train
